,Subject,Cluster,Word,LE,CCenter,RE
1,JW11,C,upon,185.4,140.75,96.1
2,JW11,C,about,315.9,302.15,288.4
3,JW11,C,about,343.3,326.1,308.9
4,JW11,C,about,212.8,202.5,192.2
5,JW11,C,about,363.9,346.75,329.6
529,JW11,CC,across,322.7,281.5,240.3
530,JW11,CC,across,501.2,460,418.8
531,JW11,CC,across,638.5,583.6,528.7
532,JW11,CC,across,315.8,264.3,212.8
533,JW11,CC,across,274.6,243.7,212.8
534,JW11,CC,across,425.7,370.75,315.8
535,JW11,CC,across,295.2,254,212.8
771,JW11,CC,respect,315.8,254,192.2
793,JW11,CC,between,247.2,192.25,137.3
794,JW11,CC,between,274.7,178.55,82.4
795,JW11,CC,between,240.3,181.9,123.5
796,JW11,CC,between,212.8,161.3,109.8
797,JW11,CC,between,247.2,192.3,137.4
798,JW11,CC,between,247.2,178.55,109.9
6,JW12,C,about,247.2,233.45,219.7
7,JW12,C,upon,192.2,181.9,171.6
8,JW12,C,about,206,195.7,185.4
9,JW12,C,upon,171.7,161.4,151.1
10,JW12,C,about,309,291.85,274.7
11,JW12,C,about,288.3,271.15,254
12,JW12,C,before,205.9,192.2,178.5
13,JW12,C,before,315.8,284.9,254
14,JW12,C,about,295.2,281.45,267.7
15,JW12,C,about,178.5,171.65,164.8
16,JW12,C,before,281.5,267.75,254
17,JW12,C,before,137.4,116.8,96.2
18,JW12,C,against,274.6,260.9,247.2
19,JW12,C,about,302.1,281.55,261
20,JW12,C,before,295.2,278.05,260.9
21,JW12,C,about,309,295.25,281.5
536,JW12,CC,across,302.1,288.4,274.7
537,JW12,CC,across,542.4,494.35,446.3
538,JW12,CC,across,501.2,466.85,432.5
539,JW12,CC,across,466.9,432.6,398.3
540,JW12,CC,across,336.4,302.05,267.7
541,JW12,CC,across,439.4,415.4,391.4
542,JW12,CC,across,350.1,315.8,281.5
543,JW12,CC,across,363.9,329.55,295.2
544,JW12,CC,across,267.8,247.2,226.6
545,JW12,CC,across,315.9,285,254.1
799,JW12,CC,between,260.9,212.85,164.8
800,JW12,CC,between,439.5,350.25,261
801,JW12,CC,between,281.5,223.15,164.8
802,JW12,CC,between,343.3,278.05,212.8
803,JW12,CC,between,315.9,250.65,185.4
804,JW12,CC,between,309,247.2,185.4
22,JW13,C,upon,206,192.25,178.5
23,JW13,C,upon,192.2,181.95,171.7
24,JW13,C,before,171.6,157.9,144.2
25,JW13,C,before,480.7,460.1,439.5
26,JW13,C,before,219.7,202.5,185.3
27,JW13,C,before,192.3,175.1,157.9
28,JW13,C,against,357,339.85,322.7
29,JW13,C,before,199.2,185.45,171.7
30,JW13,C,before,357,343.25,329.5
546,JW13,CC,across,295.2,271.15,247.1
547,JW13,CC,across,521.8,484.05,446.3
548,JW13,CC,across,515,466.95,418.9
549,JW13,CC,across,508.1,466.9,425.7
550,JW13,CC,across,494.3,446.25,398.2
551,JW13,CC,across,288.4,257.5,226.6
552,JW13,CC,across,254,226.55,199.1
553,JW13,CC,across,274.6,254,233.4
772,JW13,CC,respect,418.9,336.5,254.1
805,JW13,CC,between,192.2,188.75,171.6
806,JW13,CC,between,432.6,363.95,295.3
31,JW14,C,upon,260.9,250.6,240.3
32,JW14,C,before,171.6,164.75,157.9
33,JW14,C,before,302.1,288.35,274.6
34,JW14,C,before,212.9,202.6,192.3
35,JW14,C,before,212.8,202.5,192.2
36,JW14,C,against,260.9,243.7,226.5
37,JW14,C,before,240.3,226.6,212.9
38,JW14,C,before,336.4,326.1,315.8
807,JW14,CC,between,212.8,161.3,109.8
808,JW14,CC,between,247.2,181.95,116.7
809,JW14,CC,between,199.1,157.95,116.8
39,JW15,C,about,206,195.7,185.4
40,JW15,C,upon,185.4,171.65,157.9
41,JW15,C,upon,219.7,206,192.3
42,JW15,C,before,212.8,195.65,178.5
43,JW15,C,before,446.3,422.3,398.3
44,JW15,C,about,350.2,336.45,322.7
45,JW15,C,about,178.5,171.65,164.8
46,JW15,C,before,274.6,260.9,247.2
47,JW15,C,before,233.5,212.9,192.3
48,JW15,C,before,247.2,223.15,199.1
49,JW15,C,against,267.8,243.8,219.8
50,JW15,C,before,267.8,240.35,212.9
51,JW15,C,about,336.4,322.65,308.9
52,JW15,C,about,336.4,319.25,302.1
508,JW15,CC,hispanic,350.2,284.95,219.7
810,JW15,CC,between,322.7,264.35,206
811,JW15,CC,between,247.1,185.35,123.6
812,JW15,CC,between,260.9,192.2,123.5
813,JW15,CC,between,233.4,171.6,109.8
53,JW16,C,about,247.2,233.45,219.7
54,JW16,C,about,240.3,230,219.7
55,JW16,C,upon,274.6,264.3,254
56,JW16,C,about,315.9,302.15,288.4
57,JW16,C,about,343.3,329.6,315.9
58,JW16,C,about,336.4,322.65,308.9
59,JW16,C,about,219.7,209.4,199.1
60,JW16,C,before,247.1,236.8,226.5
61,JW16,C,about,329.6,315.85,302.1
62,JW16,C,about,315.9,302.15,288.4
509,JW16,CC,hispanic,350.2,288.4,226.6
814,JW16,CC,between,240.4,175.15,109.9
815,JW16,CC,between,418.8,332.95,247.1
816,JW16,CC,between,329.6,274.65,219.7
817,JW16,CC,between,329.6,260.95,192.3
63,JW18,C,about,254,240.3,226.6
64,JW18,C,upon,171.7,161.4,151.1
65,JW18,C,about,96.1,85.8,75.5
66,JW18,C,upon,151.1,140.8,130.5
67,JW18,C,about,315.9,298.7,281.5
68,JW18,C,about,322.7,308.95,295.2
69,JW18,C,before,178.5,154.45,130.4
70,JW18,C,before,350.2,326.2,302.2
71,JW18,C,about,302.1,284.95,267.8
72,JW18,C,about,281.5,260.9,240.3
73,JW18,C,before,212.5,161,109.5
74,JW18,C,before,178.5,154.45,130.4
75,JW18,C,against,260.9,243.75,226.6
76,JW18,C,before,144.2,123.6,103
77,JW18,C,about,322.7,305.55,288.4
78,JW18,C,about,322.7,305.55,288.4
510,JW18,CC,hispanic,254,202.5,151
554,JW18,CC,across,192.3,133.9,75.5
555,JW18,CC,across,473.7,446.25,418.8
556,JW18,CC,across,446.3,415.4,384.5
557,JW18,CC,across,460,422.25,384.5
558,JW18,CC,across,398.2,374.15,350.1
559,JW18,CC,across,336.4,302.05,267.7
560,JW18,CC,across,315.8,281.5,247.2
561,JW18,CC,across,254,233.4,212.8
562,JW18,CC,across,295.2,257.45,219.7
818,JW18,CC,between,247.2,202.6,158
819,JW18,CC,between,405.1,319.25,233.4
820,JW18,CC,between,260.9,205.95,151
821,JW18,CC,between,260.9,202.55,144.2
79,JW19,C,before,178.6,158,137.4
80,JW19,C,before,295.2,274.6,254
81,JW19,C,against,288.3,243.7,199.1
511,JW19,CC,hispanic,288.3,226.55,164.8
822,JW19,CC,between,233.5,219.75,206
823,JW19,CC,between,199.2,140.8,82.4
82,JW20,C,about,288.4,274.65,260.9
83,JW20,C,upon,226.6,212.85,199.1
84,JW20,C,upon,192.3,182,171.7
85,JW20,C,about,336.4,322.7,309
86,JW20,C,about,336.5,322.75,309
87,JW20,C,before,48,34.3,20.6
88,JW20,C,before,295.2,271.15,247.1
89,JW20,C,about,309,295.25,281.5
90,JW20,C,about,233.5,219.75,206
91,JW20,C,before,144.2,130.5,116.8
92,JW20,C,before,192.3,178.55,164.8
93,JW20,C,before,233.5,219.75,206
94,JW20,C,about,322.7,308.95,295.2
95,JW20,C,about,309,295.25,281.5
563,JW20,CC,across,315.8,281.5,247.2
564,JW20,CC,across,446.2,418.75,391.3
565,JW20,CC,across,556.2,521.85,487.5
566,JW20,CC,across,453.2,422.3,391.4
567,JW20,CC,across,302.1,267.8,233.5
568,JW20,CC,across,425.6,405.05,384.5
569,JW20,CC,across,370.7,332.95,295.2
570,JW20,CC,across,350.2,315.85,281.5
571,JW20,CC,across,343.3,312.4,281.5
572,JW20,CC,across,288.3,264.3,240.3
773,JW20,CC,respect,363.9,291.8,219.7
96,JW21,C,about,254,243.7,233.4
97,JW21,C,about,226.6,212.85,199.1
98,JW21,C,upon,199.1,188.8,178.5
99,JW21,C,about,329.6,315.85,302.1
100,JW21,C,about,336.4,322.7,309
101,JW21,C,before,254,240.3,226.6
102,JW21,C,before,336.5,315.9,295.3
103,JW21,C,about,363.9,350.15,336.4
104,JW21,C,about,226.6,216.3,206
105,JW21,C,before,192.3,182,171.7
106,JW21,C,before,233.4,216.25,199.1
107,JW21,C,before,199.1,181.95,164.8
108,JW21,C,against,267.8,254.05,240.3
109,JW21,C,before,157.9,144.15,130.4
110,JW21,C,about,398.2,384.5,370.8
111,JW21,C,before,350.2,336.45,322.7
112,JW21,C,about,302.1,288.4,274.7
512,JW21,CC,hispanic,274.7,223.2,171.7
573,JW21,CC,across,480.6,398.2,315.8
574,JW21,CC,across,446.3,394.8,343.3
575,JW21,CC,across,460,384.45,308.9
576,JW21,CC,across,288.4,236.9,185.4
577,JW21,CC,across,494.3,394.75,295.2
578,JW21,CC,across,336.4,291.8,247.2
579,JW21,CC,across,260.9,223.15,185.4
580,JW21,CC,across,260.9,223.15,185.4
774,JW21,CC,respect,343.3,274.65,206
113,JW24,C,upon,315.9,295.3,274.7
114,JW24,C,upon,391.4,360.5,329.6
115,JW24,C,before,357.1,326.2,295.3
116,JW24,C,before,453.2,412,370.8
117,JW24,C,before,219.7,195.65,171.6
118,JW24,C,before,199.2,171.7,144.2
119,JW24,C,before,199.1,181.95,164.8
120,JW24,C,against,322.7,305.55,288.4
581,JW24,CC,across,432.5,367.3,302.1
582,JW24,CC,across,535.5,446.25,357
583,JW24,CC,across,693.5,600.8,508.1
584,JW24,CC,across,425.7,350.15,274.6
585,JW24,CC,across,288.4,236.9,185.4
586,JW24,CC,across,734.6,628.2,521.8
587,JW24,CC,across,398.2,346.7,295.2
588,JW24,CC,across,501.3,460.1,418.9
589,JW24,CC,across,398.2,357.05,315.9
590,JW24,CC,across,453.1,360.45,267.8
775,JW24,CC,respect,329.5,281.45,233.4
824,JW24,CC,between,315.8,260.85,205.9
825,JW24,CC,between,473.7,394.75,315.8
826,JW24,CC,between,295.2,212.85,130.5
827,JW24,CC,between,315.8,236.85,157.9
828,JW24,CC,between,254,195.65,137.3
829,JW24,CC,between,322.7,250.6,178.5
121,JW25,C,about,192.2,181.9,171.6
122,JW25,C,upon,350.1,322.65,295.2
123,JW25,C,about,295.3,281.55,267.8
124,JW25,C,about,302.1,288.35,274.6
125,JW25,C,about,178.5,168.2,157.9
126,JW25,C,about,315.9,302.15,288.4
127,JW25,C,about,329.6,315.85,302.1
513,JW25,CC,hispanic,233.5,188.85,144.2
591,JW25,CC,across,288.3,250.55,212.8
592,JW25,CC,across,398.3,346.8,295.3
593,JW25,CC,across,412,357.05,302.1
594,JW25,CC,across,267.8,230,192.2
595,JW25,CC,across,432.6,387.95,343.3
596,JW25,CC,across,267.8,233.45,199.1
597,JW25,CC,across,254.1,223.2,192.3
598,JW25,CC,across,350.2,326.15,302.1
599,JW25,CC,across,267.8,236.9,206
830,JW25,CC,between,123.5,85.75,48
831,JW25,CC,between,384.5,315.8,247.1
832,JW25,CC,between,240.3,192.25,144.2
128,JW26,C,upon,192.2,181.9,171.6
129,JW26,C,against,288.3,274.6,260.9
514,JW26,CC,hispanic,315.8,257.45,199.1
600,JW26,CC,across,281.5,254.05,226.6
601,JW26,CC,across,473.8,442.9,412
602,JW26,CC,across,439.5,418.9,398.3
603,JW26,CC,across,432.6,391.4,350.2
604,JW26,CC,across,267.8,243.75,219.7
605,JW26,CC,across,432.5,398.2,363.9
606,JW26,CC,across,274.6,243.7,212.8
607,JW26,CC,across,267.8,240.35,212.9
608,JW26,CC,across,412,394.85,377.7
776,JW26,CC,respect,363.9,298.65,233.4
130,JW27,C,about,322.7,308.95,295.2
131,JW27,C,upon,254.1,240.35,226.6
132,JW27,C,upon,151.1,140.8,130.5
133,JW27,C,about,377.7,360.5,343.3
134,JW27,C,about,391.4,374.2,357
135,JW27,C,about,343.3,329.6,315.9
136,JW27,C,about,219.7,209.4,199.1
137,JW27,C,against,281.5,264.3,247.1
138,JW27,C,about,350.2,333.05,315.9
139,JW27,C,about,370.8,357.05,343.3
515,JW27,CC,hispanic,295.2,230,164.8
609,JW27,CC,across,274.7,243.8,212.9
610,JW27,CC,across,487.4,405.05,322.7
611,JW27,CC,across,473.8,384.55,295.3
612,JW27,CC,across,432.5,360.45,288.4
613,JW27,CC,across,295.2,247.15,199.1
614,JW27,CC,across,446.3,374.2,302.1
615,JW27,CC,across,254.1,223.2,192.3
616,JW27,CC,across,247.2,223.15,199.1
617,JW27,CC,across,240.3,216.25,192.2
618,JW27,CC,across,254.1,223.2,192.3
619,JW27,CC,across,425.7,360.45,295.2
833,JW27,CC,between,254,192.25,130.5
834,JW27,CC,between,363.9,274.65,185.4
835,JW27,CC,between,247.2,192.3,137.4
836,JW27,CC,between,254.1,185.4,116.7
140,JW28,C,about,267.8,257.5,247.2
141,JW28,C,upon,288.4,274.65,260.9
142,JW28,C,about,336.5,322.75,309
143,JW28,C,about,384.5,363.9,343.3
144,JW28,C,before,192.3,178.55,164.8
145,JW28,C,before,418.8,405.1,391.4
146,JW28,C,about,350.1,329.5,308.9
147,JW28,C,about,219.7,209.4,199.1
148,JW28,C,before,189.1,175.35,161.6
149,JW28,C,before,206,188.85,171.7
150,JW28,C,against,247.1,216.25,185.4
151,JW28,C,before,192.3,178.55,164.8
152,JW28,C,about,322.7,308.95,295.2
153,JW28,C,before,315.9,285,254.1
154,JW28,C,about,315.8,295.2,274.6
516,JW28,CC,hispanic,309,247.2,185.4
777,JW28,CC,respect,302.1,250.6,199.1
155,JW29,C,about,363.8,350.1,336.4
156,JW29,C,upon,219.7,209.4,199.1
157,JW29,C,upon,295.2,284.9,274.6
158,JW29,C,about,439.5,425.75,412
159,JW29,C,about,466.9,449.75,432.6
160,JW29,C,before,192.2,178.5,164.8
161,JW29,C,before,418.8,398.2,377.6
162,JW29,C,about,480.6,466.85,453.1
163,JW29,C,about,171.6,161.3,151
164,JW29,C,before,199.1,185.4,171.7
165,JW29,C,before,205.9,188.75,171.6
166,JW29,C,against,295.3,267.8,240.3
167,JW29,C,before,219.7,205.95,192.2
168,JW29,C,about,453.2,436.05,418.9
169,JW29,C,before,281.5,267.75,254
170,JW29,C,about,432.6,415.4,398.2
517,JW29,CC,hispanic,357,288.35,219.7
620,JW29,CC,across,336.5,295.3,254.1
621,JW29,CC,across,514.9,463.4,411.9
622,JW29,CC,across,549.3,494.4,439.5
623,JW29,CC,across,473.7,429.1,384.5
624,JW29,CC,across,322.7,281.5,240.3
625,JW29,CC,across,473.8,398.25,322.7
626,JW29,CC,across,267.8,236.9,206
627,JW29,CC,across,260.9,216.3,171.7
628,JW29,CC,across,274.7,240.35,206
629,JW29,CC,across,480.6,394.8,309
778,JW29,CC,respect,309,267.8,226.6
837,JW29,CC,between,219.7,171.65,123.6
838,JW29,CC,between,514.9,425.65,336.4
839,JW29,CC,between,247.2,195.7,144.2
840,JW29,CC,between,260.9,209.4,157.9
841,JW29,CC,between,192.3,151.1,109.9
842,JW29,CC,between,199.1,154.5,109.9
171,JW30,C,upon,219.7,209.4,199.1
172,JW30,C,against,254,236.85,219.7
518,JW30,CC,hispanic,343.3,278.05,212.8
630,JW30,CC,across,274.6,236.85,199.1
631,JW30,CC,across,418.8,363.85,308.9
632,JW30,CC,across,425.7,384.5,343.3
633,JW30,CC,across,542.5,508.15,473.8
634,JW30,CC,across,288.4,257.5,226.6
635,JW30,CC,across,377.6,339.85,302.1
636,JW30,CC,across,247.2,216.3,185.4
637,JW30,CC,across,267.8,240.3,212.8
638,JW30,CC,across,432.6,401.7,370.8
639,JW30,CC,across,267.8,243.75,219.7
640,JW30,CC,across,377.6,336.4,295.2
843,JW30,CC,between,425.7,284.95,144.2
844,JW30,CC,between,494.4,439.45,384.5
845,JW30,CC,between,199.1,140.75,82.4
173,JW31,C,about,219.7,206,192.3
174,JW31,C,upon,274.6,264.3,254
175,JW31,C,about,439.4,422.2,405
176,JW31,C,about,425.7,408.55,391.4
177,JW31,C,before,178.5,164.75,151
178,JW31,C,before,199.1,178.5,157.9
179,JW31,C,about,453.2,436,418.8
180,JW31,C,about,315.9,305.6,295.3
181,JW31,C,before,206,192.25,178.5
182,JW31,C,before,192.3,175.1,157.9
183,JW31,C,against,302.1,271.25,240.4
184,JW31,C,about,466.9,449.7,432.5
185,JW31,C,before,391.3,370.7,350.1
186,JW31,C,about,432.5,411.9,391.3
641,JW31,CC,across,370.8,305.55,240.3
642,JW31,CC,across,514.9,446.25,377.6
643,JW31,CC,across,528.7,490.95,453.2
644,JW31,CC,across,521.8,466.9,412
645,JW31,CC,across,480.6,432.55,384.5
646,JW31,CC,across,336.5,298.7,260.9
647,JW31,CC,across,329.6,278.1,226.6
648,JW31,CC,across,309,274.65,240.3
649,JW31,CC,across,370.8,333.05,295.3
779,JW31,CC,respect,377.6,322.7,267.8
187,JW32,C,before,288.3,281.45,274.6
188,JW32,C,before,377.6,326.1,274.6
519,JW32,CC,hispanic,281.5,216.25,151
189,JW33,C,about,267.8,257.5,247.2
190,JW33,C,about,212.9,199.15,185.4
191,JW33,C,upon,199.1,192.2,185.3
192,JW33,C,about,363.9,350.15,336.4
193,JW33,C,about,343.3,326.15,309
194,JW33,C,before,75.6,58.4,41.2
195,JW33,C,before,343.3,319.25,295.2
196,JW33,C,about,377.6,360.45,343.3
197,JW33,C,about,247.2,236.9,226.6
198,JW33,C,before,199.1,181.95,164.8
199,JW33,C,before,240.3,226.6,212.9
200,JW33,C,against,199.1,181.95,164.8
201,JW33,C,before,185.4,171.65,157.9
202,JW33,C,about,370.8,357.05,343.3
203,JW33,C,before,302.1,284.95,267.8
204,JW33,C,about,370.8,357.05,343.3
650,JW33,CC,across,240.3,216.25,192.2
651,JW33,CC,across,439.4,415.35,391.3
652,JW33,CC,across,453.1,398.2,343.3
653,JW33,CC,across,439.5,394.85,350.2
654,JW33,CC,across,260.9,236.85,212.8
655,JW33,CC,across,418.8,387.9,357
656,JW33,CC,across,267.8,243.75,219.7
657,JW33,CC,across,254.1,219.75,185.4
658,JW33,CC,across,453.1,429.1,405.1
659,JW33,CC,across,425.7,381.1,336.5
846,JW33,CC,between,260.9,209.4,157.9
847,JW33,CC,between,411.9,332.95,254
848,JW33,CC,between,322.7,236.85,151
849,JW33,CC,between,254.1,206,157.9
850,JW33,CC,between,322.7,240.3,157.9
851,JW33,CC,between,315.9,230.05,144.2
205,JW34,C,about,281.5,267.8,254.1
206,JW34,C,upon,343.3,333,322.7
207,JW34,C,about,219.7,206,192.3
208,JW34,C,upon,233.4,219.7,206
209,JW34,C,about,425.7,405.1,384.5
210,JW34,C,about,432.6,415.4,398.2
211,JW34,C,before,41.2,27.45,13.7
212,JW34,C,before,432.5,401.6,370.7
213,JW34,C,about,412,398.25,384.5
214,JW34,C,about,247.2,236.9,226.6
215,JW34,C,before,130.5,120.2,109.9
216,JW34,C,before,212.9,202.6,192.3
217,JW34,C,before,144.2,130.5,116.8
218,JW34,C,against,315.9,305.6,295.3
219,JW34,C,about,384.5,370.75,357
220,JW34,C,before,295.2,278.05,260.9
221,JW34,C,about,425.7,408.55,391.4
520,JW34,CC,hispanic,309,247.2,185.4
780,JW34,CC,respect,336.4,288.35,240.3
852,JW34,CC,between,212.8,202.5,192.2
853,JW34,CC,between,233.4,181.9,130.4
854,JW34,CC,between,219.7,140.75,61.8
855,JW34,CC,between,192.3,140.8,89.3
222,JW35,C,about,254.1,240.35,226.6
223,JW35,C,upon,199.1,185.4,171.7
224,JW35,C,about,343.3,326.15,309
225,JW35,C,about,363.9,346.75,329.6
226,JW35,C,before,151.1,137.35,123.6
227,JW35,C,before,336.4,312.35,288.3
228,JW35,C,about,322.7,305.55,288.4
229,JW35,C,about,206,195.7,185.4
230,JW35,C,before,206,192.3,178.6
231,JW35,C,before,185.4,171.65,157.9
232,JW35,C,against,288.3,267.7,247.1
233,JW35,C,before,185.4,168.25,151.1
234,JW35,C,about,322.7,308.95,295.2
235,JW35,C,before,336.5,312.45,288.4
236,JW35,C,about,309,295.3,281.6
856,JW35,CC,between,178.5,130.45,82.4
857,JW35,CC,between,439.5,353.65,267.8
858,JW35,CC,between,212.8,157.9,103
859,JW35,CC,between,212.9,147.65,82.4
860,JW35,CC,between,206,157.95,109.9
237,JW36,C,about,288.3,271.15,254
238,JW36,C,about,226.6,212.85,199.1
239,JW36,C,upon,254,243.7,233.4
240,JW36,C,about,377.6,360.45,343.3
241,JW36,C,about,363.9,346.75,329.6
242,JW36,C,before,164.8,147.6,130.4
243,JW36,C,before,398.2,374.2,350.2
244,JW36,C,about,377.6,360.45,343.3
245,JW36,C,about,185.4,175.1,164.8
246,JW36,C,before,240.3,223.15,206
247,JW36,C,before,233.4,219.7,206
248,JW36,C,before,233.4,209.35,185.3
249,JW36,C,against,240.3,226.55,212.8
250,JW36,C,before,212.8,195.65,178.5
251,JW36,C,about,363.9,346.75,329.6
252,JW36,C,before,309,267.8,226.6
253,JW36,C,about,384.5,370.75,357
660,JW36,CC,across,281.5,243.75,206
661,JW36,CC,across,446.3,367.35,288.4
662,JW36,CC,across,439.5,374.25,309
663,JW36,CC,across,412,346.75,281.5
664,JW36,CC,across,329.5,278,226.5
665,JW36,CC,across,405.1,343.3,281.5
666,JW36,CC,across,288.4,243.75,199.1
667,JW36,CC,across,308.9,267.7,226.5
668,JW36,CC,across,274.7,243.8,212.9
669,JW36,CC,across,288.4,243.75,199.1
670,JW36,CC,across,418.8,346.7,274.6
861,JW36,CC,between,219.7,175.1,123.6
862,JW36,CC,between,302.1,230,157.9
863,JW36,CC,between,254.1,199.15,144.2
254,JW37,C,about,315.8,302.1,288.4
255,JW37,C,upon,247.1,236.8,226.5
256,JW37,C,about,336.4,322.7,309
257,JW37,C,about,370.7,357,343.3
258,JW37,C,before,116.8,109.9,103
259,JW37,C,before,405.1,387.95,370.8
260,JW37,C,about,315.8,305.5,295.2
261,JW37,C,about,206,195.7,185.4
262,JW37,C,before,199.1,188.85,178.6
263,JW37,C,before,199.1,185.35,171.6
264,JW37,C,before,164.8,151.1,137.4
265,JW37,C,before,178.6,168.3,158
266,JW37,C,about,405,391.3,377.6
267,JW37,C,before,274.6,257.45,240.3
268,JW37,C,about,363.9,350.15,336.4
781,JW37,CC,respect,247.2,212.85,178.5
864,JW37,CC,between,611.1,370.8,130.5
865,JW37,CC,between,411.9,329.5,247.1
866,JW37,CC,between,247.1,188.75,130.4
867,JW37,CC,between,212.8,157.9,103
868,JW37,CC,between,212.9,157.95,103
269,JW39,C,upon,151.1,140.8,130.5
270,JW39,C,upon,144.1,137.25,130.4
671,JW39,CC,across,302.1,264.35,226.6
672,JW39,CC,across,473.8,391.4,309
673,JW39,CC,across,446.3,381.1,315.9
674,JW39,CC,across,432.5,374.15,315.8
675,JW39,CC,across,295.2,254,212.8
676,JW39,CC,across,288.4,250.65,212.9
677,JW39,CC,across,666,628.25,590.5
678,JW39,CC,across,288.4,250.65,212.9
679,JW39,CC,across,487.5,425.7,363.9
782,JW39,CC,respect,329.6,271.25,212.9
869,JW39,CC,between,233.5,120.2,6.9
870,JW39,CC,between,206,161.35,96.1
871,JW39,CC,between,199.2,521.9,480.7
271,JW40,C,upon,240.3,223.15,206
272,JW40,C,about,164.8,151.05,137.3
273,JW40,C,upon,240.3,216.3,192.3
274,JW40,C,about,343.3,326.1,308.9
275,JW40,C,about,370.7,350.1,329.5
276,JW40,C,before,199.1,181.95,164.8
277,JW40,C,before,322.7,305.55,288.4
278,JW40,C,about,350.2,333,315.8
279,JW40,C,about,164.8,157.9,151
280,JW40,C,before,233.5,195.75,158
281,JW40,C,before,199.2,182,164.8
282,JW40,C,before,185.4,168.25,151.1
283,JW40,C,about,343.3,329.6,315.9
284,JW40,C,before,302.1,274.65,247.2
285,JW40,C,about,343.3,326.15,309
783,JW40,CC,respect,357,295.2,233.4
286,JW41,C,about,212.9,199.15,185.4
287,JW41,C,upon,206,188.8,171.6
288,JW41,C,upon,171.7,161.4,151.1
289,JW41,C,about,267.7,254,240.3
290,JW41,C,about,281.5,264.3,247.1
291,JW41,C,about,247.2,233.45,219.7
292,JW41,C,about,171.7,161.4,151.1
293,JW41,C,before,144.2,130.45,116.7
294,JW41,C,against,240.3,216.25,192.2
295,JW41,C,about,288.4,271.25,254.1
296,JW41,C,about,267.8,254.05,240.3
521,JW41,CC,hispanic,274.7,219.75,164.8
680,JW41,CC,across,260.9,223.15,185.4
681,JW41,CC,across,453.2,398.25,343.3
682,JW41,CC,across,363.9,315.85,267.8
683,JW41,CC,across,254,216.25,178.5
684,JW41,CC,across,398.2,357,315.8
685,JW41,CC,across,247.2,216.3,185.4
686,JW41,CC,across,260.9,230,199.1
687,JW41,CC,across,233.4,212.8,192.2
688,JW41,CC,across,240.3,209.4,178.5
689,JW41,CC,across,425.7,353.6,281.5
872,JW41,CC,between,336.4,271.2,206
873,JW41,CC,between,192.2,140.75,89.3
874,JW41,CC,between,199.1,144.15,89.2
875,JW41,CC,between,192.2,140.75,89.3
297,JW42,C,upon,185.4,175.1,164.8
298,JW42,C,upon,178.6,168.3,158
299,JW42,C,before,123.6,109.85,96.1
300,JW42,C,before,288.4,271.25,254.1
301,JW42,C,before,116.7,103,89.3
302,JW42,C,before,116.8,103.05,89.3
303,JW42,C,before,130.4,113.25,96.1
304,JW42,C,before,247.1,226.5,205.9
876,JW42,CC,between,206,175.1,144.2
877,JW42,CC,between,343.3,298.65,254
878,JW42,CC,between,226.6,195.7,164.8
879,JW42,CC,between,233.4,195.65,157.9
305,JW43,C,upon,315.8,302.1,288.4
306,JW43,C,against,267.8,250.65,233.5
784,JW43,CC,respect,336.5,267.8,199.1
880,JW43,CC,between,302.1,236.9,171.7
881,JW43,CC,between,412,329.6,247.2
882,JW43,CC,between,274.6,230,185.4
883,JW43,CC,between,267.7,212.8,157.9
307,JW44,C,about,206,195.7,185.4
308,JW44,C,upon,212.8,202.5,192.2
309,JW44,C,about,322.7,308.95,295.2
310,JW44,C,about,350.2,336.45,322.7
311,JW44,C,about,350.1,336.4,322.7
312,JW44,C,about,157.9,147.6,137.3
313,JW44,C,against,260.9,236.85,212.8
314,JW44,C,about,315.8,302.1,288.4
315,JW44,C,about,322.7,305.55,288.4
522,JW44,CC,hispanic,302.1,233.45,164.8
690,JW44,CC,across,638.5,566.4,494.3
691,JW44,CC,across,515,453.2,391.4
692,JW44,CC,across,501.2,436,370.8
693,JW44,CC,across,418.8,350.15,281.5
694,JW44,CC,across,542.4,456.55,370.7
695,JW44,CC,across,336.4,291.8,247.2
696,JW44,CC,across,315.9,278.15,240.4
697,JW44,CC,across,329.5,298.6,267.7
698,JW44,CC,across,363.9,329.6,295.3
699,JW44,CC,across,515,463.5,412
785,JW44,CC,respect,357,274.6,192.2
884,JW44,CC,between,123.6,89.3,55
885,JW44,CC,between,205.9,178.45,151
886,JW44,CC,between,226.6,188.8,151
316,JW45,C,before,178.5,171.65,164.8
317,JW45,C,before,363.9,333,302.1
318,JW45,C,before,178.5,164.75,151
319,JW45,C,before,164.8,151.05,137.3
320,JW45,C,before,171.6,157.9,144.2
321,JW45,C,against,267.8,240.35,212.9
322,JW45,C,before,185.4,168.2,151
323,JW45,C,before,315.8,298.65,281.5
700,JW45,CC,across,329.6,309,288.4
701,JW45,CC,across,487.5,466.9,446.3
702,JW45,CC,across,487.5,470.35,453.2
703,JW45,CC,across,466.9,449.75,432.6
704,JW45,CC,across,322.7,298.7,274.7
705,JW45,CC,across,425.7,398.25,370.8
706,JW45,CC,across,295.2,278.05,260.9
707,JW45,CC,across,260.9,236.85,212.8
708,JW45,CC,across,302.1,281.5,260.9
709,JW45,CC,across,315.9,288.4,260.9
887,JW45,CC,between,274.7,212.9,151.1
888,JW45,CC,between,528.6,429.05,329.5
889,JW45,CC,between,254.1,185.45,116.8
890,JW45,CC,between,247.2,181.95,116.7
891,JW45,CC,between,240.3,175.05,109.8
892,JW45,CC,between,219.7,168.2,116.7
324,JW46,C,about,233.4,223.1,212.8
325,JW46,C,about,315.8,298.65,281.5
326,JW46,C,about,377.6,363.9,350.2
327,JW46,C,before,309,295.25,281.5
328,JW46,C,before,343.3,312.4,281.5
329,JW46,C,about,302.1,288.4,274.7
330,JW46,C,about,185.4,175.1,164.8
331,JW46,C,before,219.7,192.25,164.8
786,JW46,CC,respect,288.4,233.5,178.6
893,JW46,CC,between,322.7,250.6,178.5
894,JW46,CC,between,412,326.15,240.3
895,JW46,CC,between,219.7,164.8,109.9
332,JW48,C,about,302.1,288.4,274.7
333,JW48,C,about,206,192.25,178.5
334,JW48,C,upon,233.5,219.75,206
335,JW48,C,about,405.1,391.35,377.6
336,JW48,C,about,398.2,387.9,377.6
337,JW48,C,about,357.1,336.5,315.9
338,JW48,C,about,267.8,254.05,240.3
339,JW48,C,against,267.8,240.35,212.9
340,JW48,C,about,322.7,308.95,295.2
523,JW48,CC,hispanic,336.5,274.7,212.9
896,JW48,CC,between,233.4,171.6,109.8
897,JW48,CC,between,439.4,346.7,254
898,JW48,CC,between,254,192.2,130.4
899,JW48,CC,between,274.7,212.9,151.1
341,JW49,C,about,295.2,284.9,274.6
342,JW49,C,upon,233.4,216.25,199.1
343,JW49,C,about,432.6,415.45,398.3
344,JW49,C,about,466.9,449.75,432.6
345,JW49,C,before,309,291.85,274.7
346,JW49,C,before,350.2,326.15,302.1
347,JW49,C,about,514.9,501.2,487.5
348,JW49,C,about,219.7,206,192.3
349,JW49,C,before,329.6,309,288.4
350,JW49,C,before,322.7,288.35,254
351,JW49,C,against,343.3,322.7,302.1
352,JW49,C,about,466.9,442.85,418.8
353,JW49,C,about,432.6,418.85,405.1
524,JW49,CC,hispanic,315.8,257.45,199.1
787,JW49,CC,respect,384.5,326.15,267.8
900,JW49,CC,between,336.4,308.95,281.5
901,JW49,CC,between,686.6,614.5,542.4
902,JW49,CC,between,295.2,233.4,171.6
903,JW49,CC,between,322.7,267.8,212.9
904,JW49,CC,between,295.3,230.05,164.8
905,JW49,CC,between,357.1,291.85,226.6
354,JW51,C,about,281.5,267.8,254.1
355,JW51,C,upon,178.5,168.2,157.9
356,JW51,C,upon,178.6,168.3,158
357,JW51,C,about,357,343.25,329.5
358,JW51,C,about,384.5,370.75,357
359,JW51,C,before,151.1,137.35,123.6
360,JW51,C,before,384.5,350.2,315.9
361,JW51,C,about,185.4,175.1,164.8
362,JW51,C,before,130.5,106.45,82.4
363,JW51,C,before,192.2,175.05,157.9
364,JW51,C,before,206,181.95,157.9
365,JW51,C,against,260.9,233.4,205.9
366,JW51,C,about,350.1,336.4,322.7
367,JW51,C,before,302.2,271.3,240.4
368,JW51,C,about,336.5,322.75,309
525,JW51,CC,hispanic,267.7,229.95,192.2
788,JW51,CC,respect,350.1,298.65,247.2
906,JW51,CC,between,219.7,171.6,123.5
907,JW51,CC,between,418.8,333,247.2
908,JW51,CC,between,267.8,202.55,137.3
909,JW51,CC,between,288.3,223.1,157.9
910,JW51,CC,between,226.6,175.1,123.6
369,JW52,C,about,302.1,291.8,281.5
370,JW52,C,upon,206,192.3,178.6
371,JW52,C,about,219.7,206,192.3
372,JW52,C,upon,240.4,226.65,212.9
373,JW52,C,about,343.3,329.55,315.8
374,JW52,C,before,185.4,175.1,164.8
375,JW52,C,before,302.1,284.95,267.8
376,JW52,C,about,329.6,319.3,309
377,JW52,C,about,233.4,223.15,212.9
378,JW52,C,before,205.9,192.2,178.5
379,JW52,C,before,192.2,175.05,157.9
380,JW52,C,before,192.3,178.55,164.8
381,JW52,C,against,274.7,233.5,192.3
382,JW52,C,about,329.5,319.2,308.9
383,JW52,C,before,288.4,274.7,261
384,JW52,C,about,336.5,322.75,309
526,JW52,CC,hispanic,295.2,230,164.8
789,JW52,CC,respect,315.9,260.95,206
911,JW52,CC,between,192.2,178.5,164.8
912,JW52,CC,between,240.3,168.2,96.1
913,JW52,CC,between,205.9,157.85,109.8
914,JW52,CC,between,267.8,206,144.2
385,JW53,C,about,254,240.3,226.6
386,JW53,C,about,219.7,205.95,192.2
387,JW53,C,upon,226.6,212.85,199.1
388,JW53,C,about,329.6,312.45,295.3
389,JW53,C,about,370.8,353.65,336.5
390,JW53,C,about,315.9,302.15,288.4
391,JW53,C,about,267.8,257.5,247.2
392,JW53,C,against,199.1,185.35,171.6
393,JW53,C,about,295.2,281.5,267.8
394,JW53,C,about,308.9,291.75,274.6
790,JW53,CC,respect,315.8,264.3,212.8
915,JW53,CC,between,247.2,199.15,151.1
916,JW53,CC,between,487.4,405.05,322.7
917,JW53,CC,between,267.8,212.85,157.9
918,JW53,CC,between,254.1,202.6,151.1
919,JW53,CC,between,267.8,212.85,157.9
395,JW54,C,about,295.3,281.55,267.8
396,JW54,C,upon,350.1,339.8,329.5
397,JW54,C,about,405.1,387.95,370.8
398,JW54,C,about,412,394.85,377.7
399,JW54,C,about,405.1,384.5,363.9
400,JW54,C,about,219.7,206,192.3
401,JW54,C,against,309,284.95,260.9
402,JW54,C,about,363.9,353.6,343.3
403,JW54,C,about,350.2,336.45,322.7
527,JW54,CC,hispanic,357,278.05,199.1
710,JW54,CC,across,267.8,233.45,199.1
711,JW54,CC,across,487.5,442.85,398.2
712,JW54,CC,across,453.2,408.55,363.9
713,JW54,CC,across,494.4,436.05,377.7
714,JW54,CC,across,308.9,264.3,219.7
715,JW54,CC,across,432.6,391.4,350.2
716,JW54,CC,across,309,264.35,219.7
717,JW54,CC,across,178.5,147.6,116.7
718,JW54,CC,across,308.9,267.7,226.5
719,JW54,CC,across,466.9,412,357.1
920,JW54,CC,between,130.4,72.05,13.7
921,JW54,CC,between,460,391.35,322.7
922,JW54,CC,between,247.2,188.85,130.5
923,JW54,CC,between,260.9,195.65,130.4
924,JW54,CC,between,233.5,195.7,157.9
404,JW55,C,about,178.5,168.2,157.9
405,JW55,C,upon,164.8,154.5,144.2
406,JW55,C,upon,185.4,175.1,164.8
407,JW55,C,about,343.3,322.7,302.1
408,JW55,C,about,357.1,343.35,329.6
409,JW55,C,before,288.3,250.55,212.8
410,JW55,C,before,363.9,346.75,329.6
411,JW55,C,about,315.9,302.15,288.4
412,JW55,C,about,164.7,154.4,144.1
413,JW55,C,before,185.4,175.1,164.8
414,JW55,C,before,219.7,199.1,178.5
415,JW55,C,against,212.8,199.1,185.4
416,JW55,C,before,219.7,202.55,185.4
417,JW55,C,about,322.7,305.55,288.4
418,JW55,C,before,226.6,212.85,199.1
419,JW55,C,about,309,291.85,274.7
720,JW55,CC,across,219.7,185.4,151.1
420,JW56,C,about,206,199.15,192.3
421,JW56,C,upon,178.5,164.8,151.1
422,JW56,C,upon,192.2,181.9,171.6
423,JW56,C,about,308.9,298.6,288.3
424,JW56,C,about,309,295.25,281.5
425,JW56,C,before,226.6,212.85,199.1
426,JW56,C,before,391.3,363.85,336.4
427,JW56,C,about,288.3,274.6,260.9
428,JW56,C,about,178.5,171.65,164.8
429,JW56,C,before,123.5,109.8,96.1
430,JW56,C,before,192.2,144.15,96.1
431,JW56,C,before,185.3,133.8,82.3
432,JW56,C,against,247.2,230,212.8
433,JW56,C,before,130.5,113.3,96.1
434,JW56,C,about,315.8,298.65,281.5
435,JW56,C,about,357,332.95,308.9
721,JW56,CC,across,309,284.95,260.9
722,JW56,CC,across,446.2,415.3,384.4
723,JW56,CC,across,439.4,408.5,377.6
724,JW56,CC,across,412,391.4,370.8
725,JW56,CC,across,267.8,243.75,219.7
726,JW56,CC,across,405.1,360.45,315.8
727,JW56,CC,across,295.2,274.6,254
728,JW56,CC,across,274.6,254,233.4
729,JW56,CC,across,302.1,271.2,240.3
730,JW56,CC,across,412,387.95,363.9
436,JW57,C,about,267.8,254.05,240.3
437,JW57,C,about,302.1,288.35,274.6
438,JW57,C,about,343.3,322.7,302.1
439,JW57,C,about,309,291.8,274.6
440,JW57,C,about,192.2,181.9,171.6
925,JW57,CC,between,226.6,157.95,89.3
926,JW57,CC,between,425.7,353.6,281.5
927,JW57,CC,between,295.2,233.45,171.7
441,JW58,C,upon,219.7,209.4,199.1
442,JW58,C,against,212.9,195.7,178.5
731,JW58,CC,across,234.9,220.45,206
732,JW58,CC,across,412,387.95,363.9
733,JW58,CC,across,473.8,442.9,412
734,JW58,CC,across,288.3,264.3,240.3
735,JW58,CC,across,391.3,357,322.7
736,JW58,CC,across,233.4,216.25,199.1
737,JW58,CC,across,267.8,247.2,226.6
738,JW58,CC,across,281.5,264.35,247.2
739,JW58,CC,across,405.1,374.2,343.3
928,JW58,CC,between,412,267.8,123.6
443,JW59,C,about,240.3,230,219.7
444,JW59,C,about,158,147.7,137.4
445,JW59,C,about,329.6,315.85,302.1
446,JW59,C,about,322.7,312.4,302.1
447,JW59,C,before,164.8,154.5,144.2
448,JW59,C,before,329.5,312.35,295.2
449,JW59,C,about,309,295.25,281.5
450,JW59,C,about,178.5,171.65,164.8
451,JW59,C,before,185.4,171.65,157.9
452,JW59,C,against,247.2,226.6,206
453,JW59,C,before,171.6,157.85,144.1
454,JW59,C,about,329.5,315.8,302.1
455,JW59,C,before,281.5,257.5,233.5
456,JW59,C,about,308.9,295.2,281.5
929,JW59,CC,between,137.3,82.35,27.4
930,JW59,CC,between,405.1,322.7,240.3
931,JW59,CC,between,219.7,175.05,130.4
932,JW59,CC,between,240.3,192.25,144.2
933,JW59,CC,between,226.5,171.6,116.7
457,JW60,C,about,240.3,230,219.7
458,JW60,C,upon,164.8,154.5,144.2
459,JW60,C,upon,178.5,168.2,157.9
460,JW60,C,about,350.2,333.05,315.9
461,JW60,C,about,377.7,363.95,350.2
462,JW60,C,before,171.7,157.95,144.2
463,JW60,C,before,391.3,374.15,357
464,JW60,C,about,343.3,329.6,315.9
465,JW60,C,about,178.5,164.75,151
466,JW60,C,before,164.8,154.5,144.2
467,JW60,C,against,212.9,199.15,185.4
468,JW60,C,about,329.5,315.8,302.1
469,JW60,C,before,281.5,267.8,254.1
470,JW60,C,about,302.1,284.95,267.8
740,JW60,CC,across,309,278.1,247.2
741,JW60,CC,across,542.4,511.5,480.6
742,JW60,CC,across,501.3,470.4,439.5
743,JW60,CC,across,583.6,552.7,521.8
744,JW60,CC,across,260.9,230,199.1
745,JW60,CC,across,556.2,528.75,501.3
746,JW60,CC,across,302.1,278.05,254
747,JW60,CC,across,274.6,247.15,219.7
748,JW60,CC,across,233.4,216.25,199.1
749,JW60,CC,across,254.1,226.65,199.2
750,JW60,CC,across,453.1,429.1,405.1
791,JW60,CC,respect,336.4,271.2,206
471,JW61,C,about,212.8,202.5,192.2
472,JW61,C,about,212.8,199.1,185.4
473,JW61,C,about,308.9,295.2,281.5
474,JW61,C,about,329.5,319.2,308.9
475,JW61,C,before,109.9,89.3,68.7
476,JW61,C,before,336.4,315.8,295.2
477,JW61,C,about,281.5,267.75,254
478,JW61,C,about,137.3,130.45,123.6
479,JW61,C,before,164.8,151.05,137.3
480,JW61,C,before,206,188.85,171.7
481,JW61,C,before,192.3,168.25,144.2
482,JW61,C,against,247.1,229.95,212.8
483,JW61,C,before,192.3,171.7,151.1
484,JW61,C,about,288.4,274.7,261
485,JW61,C,before,233.4,219.7,206
486,JW61,C,about,363.9,350.2,336.5
792,JW61,CC,respect,254,212.8,171.6
487,JW62,C,upon,322.7,271.25,219.8
488,JW62,C,before,116.7,106.4,96.1
489,JW62,C,before,391.4,370.8,350.2
490,JW62,C,before,212.8,199.05,185.3
491,JW62,C,before,233.4,216.25,199.1
492,JW62,C,before,432.5,415.35,398.2
751,JW62,CC,across,295.2,260.85,226.5
752,JW62,CC,across,514.9,480.6,446.3
753,JW62,CC,across,453.2,394.85,336.5
754,JW62,CC,across,549.3,518.4,487.5
755,JW62,CC,across,329.6,291.85,254.1
756,JW62,CC,across,466.9,398.25,329.6
757,JW62,CC,across,322.7,278.1,233.5
758,JW62,CC,across,405.1,370.75,336.4
759,JW62,CC,across,329.6,302.1,274.6
760,JW62,CC,across,329.6,298.7,267.8
934,JW62,CC,between,322.7,247.2,171.7
935,JW62,CC,between,233.5,164.85,96.2
936,JW62,CC,between,199.1,171.65,144.2
493,JW63,C,about,254.1,240.35,226.6
494,JW63,C,about,212.8,199.05,185.3
495,JW63,C,upon,206,195.7,185.4
496,JW63,C,about,363.9,346.75,329.6
497,JW63,C,before,157.9,144.2,130.5
498,JW63,C,before,384.5,360.45,336.4
499,JW63,C,about,377.6,360.45,343.3
500,JW63,C,about,219.7,205.95,192.2
501,JW63,C,before,219.7,188.8,157.9
502,JW63,C,before,199.1,178.5,157.9
503,JW63,C,against,295.3,247.25,199.2
504,JW63,C,about,171.6,154.45,137.3
505,JW63,C,about,398.3,377.7,357.1
506,JW63,C,before,343.3,312.4,281.5
507,JW63,C,about,384.5,363.9,343.3
528,JW63,CC,hispanic,288.4,216.3,144.2
761,JW63,CC,across,329.5,257.4,185.3
762,JW63,CC,across,521.8,408.5,295.2
763,JW63,CC,across,480.6,377.6,274.6
764,JW63,CC,across,460,367.3,274.6
765,JW63,CC,across,446.3,353.6,260.9
766,JW63,CC,across,370.7,312.35,254
767,JW63,CC,across,295.2,236.85,178.5
768,JW63,CC,across,274.7,236.95,199.2
769,JW63,CC,across,295.2,240.25,185.3
770,JW63,CC,across,439.4,333,226.6
937,JW63,CC,between,206,151.05,96.1
938,JW63,CC,between,460,381.05,302.1
939,JW63,CC,between,233.5,157.95,82.4
940,JW63,CC,between,199.1,103,6.9
